Product_Description,1,2,3,4,5,6,7,8,9,10,11,12,Cluster_Producte
 Dog Frisbee,13,5,15,10,18,12,13,11,24,22,1,0,3
1 oz Hand Sanitizer,10,15,11,14,13,9,9,18,23,7,0,0,3
20 oz Stainless Steel Insulated Tumbler,10,19,22,22,17,14,9,0,0,0,0,0,7
22 oz Android Bottle,9,14,16,11,14,13,22,19,19,2,0,0,3
22 oz YouTube Bottle Infuser,7,5,8,9,12,9,18,19,22,20,0,0,5
23 oz Wide Mouth Sport Bottle,7,5,3,8,1,1,13,19,15,4,0,9,5
24 oz YouTube Sergeant Stripe Bottle,20,11,29,12,12,10,0,0,0,0,0,0,4
25L Classic Rucksack,3,6,7,7,7,3,8,11,6,8,4,0,3
26 oz Double Wall Insulated Bottle,28,26,32,16,39,28,44,87,71,37,0,0,5
8 pc Android Sticker Sheet,13,8,21,23,22,22,18,19,26,29,33,24,3
Android 17oz Stainless Steel Sport Bottle,3,6,7,4,5,4,15,42,0,0,0,0,5
Android 24 oz Contigo Bottle,1,2,12,11,20,0,0,0,0,0,0,0,6
Android 25 oz Green Apple Stainless Steel Bottle,3,1,4,2,1,0,0,0,0,1,0,0,4
Android BTTF Cosmos Graphic Tee,4,2,18,6,7,7,7,9,7,13,27,18,0
Android BTTF Moonshot Graphic Tee,5,3,22,10,20,7,11,11,11,19,17,5,3
Android Glass Water Bottle with Black Sleeve,7,4,11,0,0,0,0,0,0,0,0,0,2
Android Hard Cover Journal,1,2,0,0,0,0,3,2,8,0,0,0,5
Android Heavyweight Long Sleeve Badge Tee Black,4,1,6,0,0,0,0,0,0,1,0,0,2
Android Infant Short Sleeve Tee Pewter,1,3,2,6,3,1,3,14,4,17,2,0,5
Android Infant Short Sleeve Tee Pink,1,0,0,5,2,2,7,0,0,0,0,0,1
Android Journal Book Set,5,5,5,3,1,5,0,0,0,0,0,0,4
Android Large Removable Sticker Sheet,0,0,0,0,0,0,0,0,0,6,23,13,0
Android Lifted Men's Short Sleeve Tee Blue,3,5,11,9,6,9,4,2,0,0,0,0,7
Android Luggage Tag,2,4,1,5,3,1,2,6,9,0,0,0,3
Android Lunch Kit,2,1,2,0,3,2,7,26,1,0,0,0,5
Android Men's  Zip Hoodie,8,3,8,3,10,4,4,6,4,23,5,0,3
Android Men's 3/4 Sleeve Raglan Henley Black,3,0,11,1,0,0,0,0,0,0,0,0,2
Android Men's Engineer Short Sleeve Tee Charcoal,4,3,13,3,9,12,6,13,12,3,0,0,3
Android Men's Long & Lean Badge Tee Charcoal,0,0,3,0,6,5,25,21,0,0,0,0,5
Android Men's Long Sleeve Badge Crew Tee Heather,0,0,0,8,7,2,20,6,0,0,0,0,1
Android Men's Outerstellar Short Sleeve Tee Black,3,4,10,4,12,11,8,10,10,15,23,4,3
Android Men's Paradise Short Sleeve Tee Olive,4,1,7,2,5,9,8,7,0,0,0,0,3
Android Men's Pep Rally Short Sleeve Tee Navy,3,0,4,17,20,18,15,24,20,2,0,0,1
Android Men's Short Sleeve Hero Tee Heather,1,0,7,7,10,6,33,56,21,6,0,0,5
Android Men's Short Sleeve Hero Tee White,1,3,1,5,1,2,4,5,4,4,0,0,3
Android Men's Short Sleeve Tri-blend Hero Tee Grey,8,1,14,18,15,2,5,4,6,7,0,0,7
Android Men's Skater Badge Tee Charcoal,0,1,2,0,3,1,10,0,0,0,0,0,1
Android Men's Take Charge Short Sleeve Tee Purple,2,0,5,8,12,19,20,26,2,1,0,0,1
Android Men's Vintage Henley,0,2,4,5,5,4,15,3,0,0,1,0,1
Android Men's Vintage Tank,1,2,4,5,10,10,14,32,4,13,3,0,5
Android Men's Vintage Tee,1,1,3,2,0,0,0,0,0,0,0,0,4
Android Onesie Baby Blue,0,3,4,6,0,0,0,0,0,0,0,0,4
Android Onesie Gold,0,2,12,4,7,11,12,21,8,12,0,0,5
Android Onesie Sprout Green,1,3,3,5,0,0,0,0,0,0,0,0,4
Android RFID Journal,1,0,1,3,1,2,9,18,14,0,0,0,5
Android Rise 14 oz Mug,17,13,11,18,23,28,16,32,25,21,40,6,3
Android Small Removable Sticker Sheet,0,0,0,0,0,0,0,0,0,14,35,18,0
Android Spiral Journal with Pen,0,0,3,2,5,5,4,0,0,0,0,0,6
Android Sticker Sheet Ultra Removable,20,17,29,22,21,24,18,25,24,3,0,3,3
Android Stretch Fit Hat,0,0,2,3,0,3,6,23,2,0,0,0,5
Android Stretch Fit Hat L/XL,0,0,2,3,4,0,0,0,0,0,0,0,6
Android Stretch Fit Hat M/L,1,1,0,2,5,7,6,2,0,0,0,0,1
Android Stretch Fit Hat S/M,0,0,0,0,1,3,5,3,0,0,0,0,1
Android Toddler Short Sleeve T-shirt Aqua,2,5,3,6,4,4,5,0,0,0,0,0,7
Android Toddler Short Sleeve T-shirt Pewter,3,2,6,7,6,7,2,0,0,0,0,0,7
Android Toddler Short Sleeve T-shirt Pink,5,2,3,6,6,8,4,0,0,0,0,0,7
Android Twill Cap,4,5,7,7,2,10,4,7,11,0,0,0,3
Android Women's Fleece Hoodie,3,2,4,0,2,2,2,0,0,0,0,0,4
Android Women's Long Sleeve Blended Cardigan Grey,2,7,6,7,7,5,10,17,9,7,0,0,5
Android Women's Short Sleeve Badge Tee Light Charcoal,0,1,2,1,0,0,0,0,0,0,0,0,4
Android Wool Heather Cap Heather/Black,0,5,1,8,6,11,15,0,0,0,0,0,1
Android Youth Short Sleeve T-shirt Aqua,0,2,10,5,5,4,5,0,0,0,0,0,7
Android Youth Short Sleeve T-shirt Pewter,4,2,5,6,4,5,3,0,0,0,0,0,7
BLM Sweatshirt,0,87,0,81,234,7,1,12,10,13,0,0,6
Badge Holder,34,14,24,18,33,20,17,27,35,32,1,0,3
Ballpoint LED Light Pen,16,12,14,8,12,14,18,30,27,21,51,57,0
Ballpoint Pen & Matching Tube Case,3,6,9,16,11,0,0,0,0,0,0,0,7
Ballpoint Pen Blue,16,10,14,12,13,18,5,1,0,1,0,0,7
Ballpoint Stick Pen 4 Pack,15,21,31,18,26,0,0,0,0,0,0,0,7
Ballpoint Stylus Pen,2,0,4,5,2,4,18,2,0,0,0,0,1
Bottle Opener Clip,5,3,7,6,5,8,8,13,6,0,0,0,3
Collapsible Shopping Bag,12,14,24,14,19,22,27,27,33,11,1,0,3
Color Changing Grip Pen,8,10,20,15,27,6,0,0,0,0,0,0,7
Colored Pencil Set,16,13,10,14,19,15,11,16,29,14,0,0,3
Compact Selfie Stick,10,3,11,10,1,6,10,3,0,0,0,0,4
Crunch Noise Dog Toy,11,14,14,8,8,12,34,19,6,0,0,0,3
Electronics Accessory Pouch,16,9,12,6,16,10,16,0,0,0,0,0,7
Emoji Sticker Sheet,0,0,0,0,0,0,0,0,7,25,8,0,0
Engraved Ceramic Google Mug,47,40,36,5,0,0,0,0,0,0,0,0,2
Executive Twist Ballpoint Pen,5,4,5,3,5,7,0,0,0,0,0,0,7
Foam Can and Bottle Cooler,15,17,24,18,31,22,53,69,34,9,0,0,5
Four Color Retractable Pen,22,16,26,14,12,18,25,30,42,37,45,37,3
Galaxy Screen Cleaning Cloth,10,14,18,18,12,6,12,13,20,5,0,0,3
Gel Roller Pen,5,3,7,13,12,0,0,0,0,0,0,0,7
Gift Card - $25.00,1,2,5,1,21,6,8,2,0,1,0,4,6
Gift Card - $250.00,0,0,1,2,0,0,0,0,2,39,0,1,0
Gift Card - $50.00,2,1,0,4,3,0,1,1,0,0,0,0,7
Gift Card- $100.00,1,3,0,0,1,4,1,2,1,28,0,4,0
Google 17 oz Double Wall Stainless Steel Insulated Bottle,0,5,7,10,11,13,12,6,0,0,0,0,1
Google 17oz Stainless Steel Sport Bottle,13,15,30,11,18,21,24,36,25,51,6,0,3
Google 22 oz Water Bottle,44,61,70,59,82,72,63,90,91,132,118,20,3
Google 25 oz Blue Stainless Steel Bottle,10,9,12,14,2,0,0,0,0,0,0,0,4
Google 25 oz Clear Stainless Steel Bottle,21,10,10,0,0,0,0,0,0,0,0,0,2
Google 25 oz Red Stainless Steel Bottle,11,9,6,11,12,2,5,22,11,2,0,0,3
Google 3/4 Sleeve Raglan Badge Henley Black,7,4,3,6,0,0,0,0,0,0,1,0,4
Google 40 oz Insulated Monster Bottle,4,5,3,0,0,0,0,0,0,0,0,0,2
Google 5-Panel Cap,7,4,5,6,8,6,8,9,0,0,1,0,3
Google 5-Panel Snapback Cap,0,5,8,3,6,5,22,14,0,0,0,0,5
Google Accent Insulated Stainless Steel Bottle,7,2,7,7,1,0,0,0,0,0,0,0,4
Google Alpine Style Backpack,10,4,10,14,6,9,5,19,5,26,21,28,0
Google Baby Essentials Set,0,0,0,20,31,41,16,0,1,0,0,0,6
Google Ballpoint Pen Black,13,6,16,1,18,13,0,0,0,0,0,0,7
Google Blackout Cap,4,9,5,4,16,20,42,84,57,22,1,0,5
Google Canvas Tote Natural/Navy,9,11,25,21,23,23,31,39,29,2,0,0,3
Google Collapsible Duffel Black,4,0,7,9,9,0,0,0,0,0,0,0,7
Google Collapsible Duffel Blue,1,4,8,4,0,0,0,0,0,0,0,0,4
Google Collapsible Pet Bowl,6,4,8,10,17,8,9,19,19,12,0,0,3
Google Doodle Decal,23,27,13,34,30,22,42,30,43,43,13,0,3
Google Executive Umbrella,2,3,2,3,2,4,22,3,0,0,0,0,1
Google French Terry Cap,7,2,2,0,0,0,0,0,0,0,1,0,2
Google Hard Cover Journal,15,21,14,10,9,5,12,26,18,0,0,0,3
Google Infant Short Sleeve Tee Cornflower Blue,1,1,3,0,0,0,0,0,0,0,0,0,2
Google Infant Short Sleeve Tee Red,2,0,1,2,2,1,4,14,6,13,8,4,5
Google Infant Short Sleeve Tee Royal Blue,0,0,0,0,2,1,3,9,4,0,0,0,5
Google Infant Short Sleeve Tee White,1,3,8,7,6,4,10,17,8,0,1,0,5
Google Infant Zip Hood Pink,4,5,14,5,5,7,6,0,0,0,0,0,7
Google Infant Zip Hood Royal Blue,6,5,11,7,8,6,6,0,0,0,0,0,7
Google Infuser-Top Water Bottle,6,6,14,5,2,0,0,0,0,0,0,0,4
Google Insulated Stainless Steel Bottle,12,13,12,4,0,0,0,0,0,0,0,0,2
Google Kick Ball,20,20,20,31,22,27,28,35,44,34,0,0,3
Google Laptop Backpack,2,8,8,7,10,7,12,4,0,1,0,0,1
Google Laptop Tech Backpack,0,0,0,4,14,1,0,0,0,0,0,0,6
Google Laptop and Cell Phone Stickers,80,58,67,60,61,54,57,62,69,76,90,72,3
Google Large Standard Journal Navy,0,0,0,0,0,0,0,0,0,18,43,25,0
Google Leather Journal-Black,0,7,2,10,8,5,11,5,0,0,0,0,1
Google Leather Journal-Brown,2,4,7,7,6,7,8,0,0,0,0,0,7
Google Leather Perforated Journal,1,1,2,2,3,4,28,8,0,1,0,0,5
Google Luggage Tag,7,6,14,11,10,10,33,15,0,3,0,0,3
Google Lunch Bag,5,11,10,10,12,7,10,15,13,3,0,0,3
Google Men's  Zip Hoodie,56,41,45,28,40,18,26,68,38,2,0,0,3
Google Men's 100% Cotton Short Sleeve Hero Tee Black,35,35,52,54,43,63,60,95,62,31,24,41,3
Google Men's 100% Cotton Short Sleeve Hero Tee Navy,33,28,40,35,26,53,40,57,24,6,14,0,3
Google Men's 100% Cotton Short Sleeve Hero Tee Red,38,11,36,23,29,32,39,37,13,4,9,0,3
Google Men's 100% Cotton Short Sleeve Hero Tee White,44,51,63,41,54,65,56,95,28,7,0,0,3
Google Men's 3/4 Sleeve Raglan Henley Grey,3,2,17,3,0,0,0,0,0,0,0,0,2
Google Men's Airflow 1/4 Zip Pullover Black,3,3,10,5,15,3,15,1,0,0,0,0,1
Google Men's Airflow 1/4 Zip Pullover Lapis,2,1,5,4,3,5,8,19,19,28,2,2,5
Google Men's Around The Block Short Sleeve Tee Ash,9,5,6,20,13,2,0,0,0,0,0,0,7
Google Men's Bayside Graphic Tee,1,2,8,5,11,10,10,18,19,17,16,1,5
Google Men's Bike Short Sleeve Tee Charcoal,29,27,32,54,73,63,51,60,41,1,0,0,1
Google Men's Colorblock Tee White/Heather,0,0,5,2,1,4,3,4,1,2,0,0,3
Google Men's Convertible Vest-Jacket Pewter,0,1,2,4,1,4,2,0,0,0,0,0,7
Google Men's Lightweight Microfleece Jacket Black,11,7,11,6,7,13,3,1,2,10,4,0,3
Google Men's Long & Lean Tee Charcoal,0,0,3,26,13,13,75,78,35,2,0,1,5
Google Men's Long & Lean Tee Grey,1,0,1,2,7,1,4,12,11,3,0,0,5
Google Men's Long Sleeve Pullover Badge Tee Heather,3,12,13,3,0,0,0,0,0,0,0,0,2
Google Men's Long Sleeve Raglan Cranberry,3,5,7,4,0,0,0,0,0,0,0,0,4
Google Men's Long Sleeve Raglan Ocean Blue,26,9,15,22,4,20,37,15,11,3,0,0,3
Google Men's Microfiber 1/4 Zip Pullover Blue/Indigo,6,1,7,2,5,4,6,9,12,17,4,0,3
Google Men's Performance 1/4 Zip Pullover Heather/Black,3,3,2,0,0,6,11,17,11,18,21,0,5
Google Men's Performance Full Zip Jacket Black,2,7,20,8,8,7,17,11,4,8,0,1,3
Google Men's Performance Hero Tee Gunmetal,4,3,9,14,15,14,1,0,0,0,0,0,6
Google Men's Performance Polo Grey/Black,4,4,3,1,1,0,0,0,0,4,1,0,4
Google Men's Pullover Hoodie Grey,19,7,14,9,9,16,9,20,6,0,0,0,3
Google Men's Quilted Insulated Vest Battleship Grey,8,1,16,16,7,9,13,12,3,4,6,0,3
Google Men's Quilted Insulated Vest Black,8,17,14,5,7,4,20,12,7,4,22,0,3
Google Men's Short Sleeve Badge Tee Charcoal,19,6,15,17,18,20,41,20,9,35,15,0,3
Google Men's Short Sleeve Hero Tee Charcoal,13,13,13,15,27,21,60,34,14,23,0,0,3
Google Men's Short Sleeve Hero Tee Heather,12,8,14,14,7,12,8,14,3,1,0,0,3
Google Men's Short Sleeve Hero Tee Light Blue,0,0,6,11,5,13,13,11,2,0,0,0,1
Google Men's Short Sleeve Performance Badge Tee Black,8,6,18,11,24,32,9,11,11,13,0,0,1
Google Men's Short Sleeve Performance Badge Tee Charcoal,3,1,1,6,3,7,36,30,9,5,0,0,5
Google Men's Short Sleeve Performance Badge Tee Navy,9,4,14,8,34,17,1,1,0,0,0,0,6
Google Men's Short Sleeve Performance Badge Tee Pewter,4,0,13,13,17,23,33,51,8,4,0,0,5
Google Men's Skater Tee Grey,4,4,8,18,26,11,23,28,12,0,0,0,1
Google Men's Vintage Badge Tee Black,6,8,12,26,108,78,107,101,38,12,0,0,1
Google Men's Vintage Badge Tee Sage,1,2,4,5,35,36,70,71,93,50,0,0,5
Google Men's Vintage Badge Tee White,3,6,6,19,22,24,56,131,56,12,1,0,5
Google Men's Vintage Tank,3,5,9,25,24,16,7,3,14,4,1,0,1
Google Men's Watershed Full Zip Hoodie Grey,4,4,31,24,16,11,27,31,19,9,0,0,3
Google Metallic Notebook Set,25,20,29,15,24,24,18,28,38,33,74,50,0
Google Onesie Green,11,5,8,8,11,5,11,0,0,0,0,0,7
Google Onesie Red,6,6,12,7,5,3,9,0,0,0,0,0,4
Google Onesie Red/Graphite,2,5,5,4,3,5,13,18,13,1,0,0,5
Google Onesie Royal Blue,3,8,9,6,0,0,0,0,0,0,0,0,4
Google Pet Feeding Mat,5,1,6,4,6,12,15,22,23,20,1,0,5
Google RFID Journal,6,1,4,10,4,10,31,63,4,0,0,1,5
Google Rolltop Backpack Blue,0,0,0,0,0,0,0,0,0,1,11,15,0
Google Rucksack,10,17,15,16,9,10,13,7,18,14,32,20,3
Google Slim Utility Travel Bag,4,5,4,2,5,6,23,2,0,0,0,0,1
Google Snapback Hat Black,0,4,9,3,5,3,21,0,0,0,0,0,1
Google Spiral Journal with Pen,12,3,10,8,5,4,18,30,0,1,0,1,5
Google Spiral Leather Journal,0,2,1,2,4,3,7,19,6,1,0,0,5
Google Stretch Fit Hat L/XL Navy,1,1,1,4,0,0,0,0,0,0,0,0,7
Google Stretch Fit Hat M/L Navy,1,6,2,12,0,0,0,0,0,0,0,0,7
Google Stretch Fit Hat S/M Navy,2,3,1,8,1,0,0,0,0,0,0,0,7
Google Stylus Pen w/ LED Light,15,14,9,9,8,11,8,6,17,35,27,22,0
Google Sunglasses,75,99,103,129,133,142,172,222,148,182,87,31,3
Google Toddler 1/4 Zip Fleece Pewter,4,2,4,2,1,1,0,0,0,0,0,0,4
Google Toddler Hoodie Royal Blue,7,5,1,8,7,5,0,0,0,0,0,0,7
Google Toddler Raglan Shirt Blue Heather/Navy,9,7,5,5,4,6,1,0,0,0,0,0,4
Google Toddler Short Sleeve T-shirt Green,2,0,1,3,0,0,0,0,0,0,0,0,4
Google Toddler Short Sleeve T-shirt Grey,1,1,2,12,21,13,10,8,0,0,0,0,6
Google Toddler Short Sleeve T-shirt Royal Blue,2,1,0,11,3,12,4,1,0,0,0,0,6
Google Toddler Short Sleeve T-shirt Yellow,1,3,0,1,0,0,0,0,0,0,0,0,4
Google Toddler Short Sleeve Tee Red,2,1,1,4,2,10,8,15,13,13,0,0,5
Google Toddler Short Sleeve Tee White,8,5,3,9,6,11,10,33,5,0,0,0,5
Google Toddler Sports T-shirt Red,0,0,2,0,1,5,3,2,0,0,0,0,1
Google Tote Bag,14,1,8,1,12,6,4,17,8,1,0,0,3
Google Tri-blend Hoodie Grey,15,8,18,14,10,14,16,30,17,0,0,0,3
Google Trucker Hat,8,7,5,9,13,8,0,0,1,0,0,0,7
Google Twill Cap,23,33,35,38,27,38,32,40,34,59,76,111,0
Google Vintage Henley Grey/Black,4,9,17,13,10,9,11,23,4,4,0,0,3
Google Women's 1/4 Zip Jacket Charcoal,3,4,2,2,0,4,6,10,4,8,1,0,5
Google Women's 1/4 Zip Performance Pullover Black,2,0,4,9,2,3,8,15,10,1,0,0,5
Google Women's 1/4 Zip Performance Pullover Two-Tone Blue,3,1,2,6,4,5,6,10,10,10,0,0,5
Google Women's Convertible Vest-Jacket Black,0,1,3,1,2,3,17,0,0,0,0,0,1
Google Women's Convertible Vest-Jacket Sea Foam Green,0,1,0,1,3,2,8,22,25,3,9,1,5
Google Women's Fleece Hoodie,24,12,23,19,24,6,4,2,3,9,4,0,7
Google Women's Lightweight Microfleece Jacket,8,9,5,0,5,5,12,22,12,8,2,0,5
Google Women's Long Sleeve Blended Cardigan Charcoal,0,0,0,1,7,7,24,18,14,24,0,0,5
Google Women's Long Sleeve Tee Lavender,5,3,9,3,3,13,15,13,10,15,0,0,5
Google Women's Performance Golf Polo Blue,1,0,1,0,1,0,3,11,7,12,26,42,0
Google Women's Performance Hero Tee Gunmetal,0,0,1,0,3,4,6,5,6,2,0,0,5
Google Women's Quilted Insulated Vest Black,4,9,6,7,2,3,2,7,3,2,0,0,3
Google Women's Quilted Insulated Vest White,1,2,3,8,3,1,6,9,6,7,1,0,5
Google Women's Scoop Neck Tee Black,4,1,1,8,13,8,46,86,46,20,3,4,5
Google Women's Scoop Neck Tee Green,2,0,3,3,0,0,0,0,0,0,0,0,4
Google Women's Scoop Neck Tee White,4,1,2,3,6,8,30,62,53,14,4,3,5
Google Women's Shell Jacket Blue/Black,0,0,0,0,1,1,2,10,8,7,10,0,5
Google Women's Short Sleeve Badge Tee Grey,0,1,3,7,5,0,10,32,15,55,32,76,0
Google Women's Short Sleeve Badge Tee Navy,1,1,1,12,15,12,14,24,2,6,13,0,1
Google Women's Short Sleeve Badge Tee Red Heather,4,4,5,1,0,0,0,0,0,0,0,0,2
Google Women's Short Sleeve Hero Tee Black,11,9,6,15,9,7,20,24,19,15,11,14,3
Google Women's Short Sleeve Hero Tee Grey,1,1,0,4,15,5,33,97,55,38,7,0,5
Google Women's Short Sleeve Hero Tee Heather,0,2,1,1,4,10,2,8,15,16,30,58,0
Google Women's Short Sleeve Hero Tee Red Heather,17,9,8,8,8,15,15,14,1,3,0,0,3
Google Women's Short Sleeve Hero Tee Sky Blue,11,11,9,8,7,7,6,11,5,2,1,2,3
Google Women's Short Sleeve Hero Tee White,26,14,29,35,14,6,16,32,8,0,3,31,3
Google Women's Short Sleeve Performance Tee Black,3,1,1,5,0,0,0,0,0,0,0,0,4
Google Women's Short Sleeve Performance Tee Charcoal,0,0,0,2,3,7,5,8,5,14,7,0,5
Google Women's Short Sleeve Performance Tee Pewter,0,0,2,0,0,1,10,6,6,10,7,0,5
Google Women's Softshell Jacket Black/Grey,0,1,0,0,0,0,0,0,1,19,1,1,0
Google Women's Tee Grey,8,1,6,2,11,11,10,22,27,32,36,80,0
Google Women's Vintage Hero Tee Black,2,3,3,19,23,24,82,118,19,0,0,0,5
Google Women's Vintage Hero Tee Lavender,1,4,4,19,40,28,17,47,45,6,0,0,1
Google Women's Vintage Hero Tee Platinum,2,0,0,0,11,1,24,25,33,8,2,0,5
Google Women's Vintage Hero Tee White,6,10,8,10,11,17,29,4,0,0,0,0,1
Google Women's Yoga Jacket Black,4,2,0,2,9,13,12,24,11,10,5,0,5
Google Women's Yoga Pants,1,4,0,1,5,3,1,0,0,0,0,0,6
Google Womens 3/4 Sleeve Baseball Raglan Heather/Black,15,6,12,10,6,7,18,3,0,0,0,0,3
Google Wool Heather Cap Heather/Navy,11,9,12,5,0,0,0,0,0,0,0,0,2
Google Youth Baseball Raglan Heather/Black,4,11,4,6,4,3,6,14,7,13,5,5,3
Google Youth Girl Hoodie,3,3,5,8,18,9,1,0,0,0,0,0,6
Google Youth Girl Tee Green,2,4,1,4,5,10,3,1,0,0,0,0,7
Google Youth Short Sleeve T-shirt Green,3,0,2,13,13,11,6,0,0,0,0,0,6
Google Youth Short Sleeve T-shirt Royal Blue,1,3,6,8,2,7,3,1,0,0,0,0,7
Google Youth Short Sleeve T-shirt Yellow,1,2,2,7,9,9,3,2,0,0,0,0,6
Google Youth Short Sleeve Tee Red,0,1,2,7,3,6,6,8,6,15,9,14,0
Google Youth Short Sleeve Tee White,2,2,6,9,2,9,8,15,9,0,0,0,5
Google Youth Sports Tee Navy,1,2,4,2,2,1,4,0,0,0,0,0,7
Google Zipper-front Sports Bag,5,4,1,4,5,7,15,0,0,0,0,0,1
Grip Highlighter Pen 3 Pack,5,1,3,14,6,4,0,0,0,0,0,0,7
Gunmetal Roller Ball Pen,1,3,2,4,4,5,22,0,0,0,0,0,1
Insulated Bottle,4,6,12,5,10,9,0,0,0,0,0,0,7
Keyboard DOT Sticker,10,12,18,18,16,18,18,17,17,21,23,0,3
Large Zipper Top Tote Bag,1,5,3,4,5,5,0,0,0,0,0,0,7
Leather and Metal Ballpoint Pen,3,4,2,14,4,8,0,0,0,0,0,0,7
Leatherette Journal,23,16,19,18,22,11,38,64,9,0,0,0,3
Maze Pen,32,21,28,29,34,37,3,32,31,40,41,46,3
Men's Softshell Jacket Black/Grey,7,6,10,4,6,6,0,2,0,9,5,0,3
Men's Weatherblock Shell Jacket Black,4,3,16,11,7,8,15,19,16,12,0,0,3
Metal Texture Roller Pen,2,0,4,5,8,5,14,26,0,0,0,0,5
Nest  Thermostat E - CA,0,0,0,0,0,0,0,0,0,3,3,4,0
Nest Cam IQ - USA,0,0,0,0,0,0,0,86,110,119,141,143,0
Nest Cam IQ Outdoor - USA (Preorder),0,0,0,0,0,0,0,0,17,51,80,0,0
Nest Cam Indoor Security Camera - CA,13,4,7,10,10,6,5,5,3,3,6,7,3
Nest Cam Indoor Security Camera - USA,376,254,305,244,251,241,268,273,212,247,274,285,3
Nest Cam Outdoor Security Camera - CA,5,5,5,6,4,8,7,2,1,6,3,8,3
Nest Cam Outdoor Security Camera - USA,358,277,316,244,237,294,289,276,194,271,247,325,3
Nest Learning Thermostat 3rd Gen - CA - Stainless Steel,12,7,9,4,6,17,10,13,7,8,9,7,3
Nest Learning Thermostat 3rd Gen-USA - Copper,0,0,0,35,28,42,44,32,43,32,61,76,0
Nest Learning Thermostat 3rd Gen-USA - Stainless Steel,586,344,315,219,198,239,247,220,210,214,335,384,3
Nest Learning Thermostat 3rd Gen-USA - White,0,0,0,75,82,93,127,94,112,109,188,209,0
Nest Protect Smoke + CO Black Battery Alarm-USA,3,11,3,0,0,0,0,0,0,0,0,0,2
Nest Protect Smoke + CO Black Wired Alarm-USA,6,1,12,0,0,0,0,0,0,0,0,0,2
Nest Protect Smoke + CO White Battery Alarm - CA,4,3,4,4,1,5,3,2,2,4,3,3,3
Nest Protect Smoke + CO White Battery Alarm-USA,133,94,83,100,106,83,98,107,89,137,187,144,3
Nest Protect Smoke + CO White Wired Alarm - CA,5,3,3,3,0,5,2,2,2,2,3,1,3
Nest Protect Smoke + CO White Wired Alarm-USA,101,74,65,79,68,80,88,86,82,96,135,111,3
Nest Secure Alarm System Starter Pack - USA,0,0,0,0,0,0,0,0,66,77,186,169,0
Nest Thermostat E - USA,0,0,0,0,0,0,0,0,98,204,244,298,0
Pen Pencil & Highlighter Set,18,14,11,16,15,8,16,5,15,0,0,0,3
Rainbow Stylus Pen,8,7,9,6,20,0,0,1,0,3,0,0,7
Recycled Paper Journal Set,30,38,51,34,48,48,34,11,0,0,0,3,7
Red Shine 15 oz Mug,21,11,37,29,6,20,48,52,43,48,0,0,5
Red Spiral Google Notebook,11,9,19,14,12,11,3,1,0,0,0,0,7
Retractable Ballpoint Pen Red,8,3,10,11,1,0,0,0,0,1,0,0,4
Reusable Shopping Bag,19,12,16,16,1,0,0,0,0,0,0,0,4
Rubber Grip Ballpoint Pen 4 Pack,10,8,10,11,15,16,34,0,0,0,0,1,1
SPF-15 Slim & Slender Lip Balm,10,5,17,10,12,10,22,33,3,0,0,0,3
Satin Black Ballpoint Pen,4,1,1,3,8,2,13,46,0,0,0,0,5
Seat Pack Organizer,6,2,3,0,2,2,10,1,0,0,0,0,3
Softsided Travel Pouch Set,8,5,5,0,0,0,0,0,0,0,0,0,2
Spiral Notebook and Pen Set,17,6,17,14,12,9,34,9,0,3,0,0,3
Sport Bag,21,21,38,15,29,21,33,46,46,63,49,26,3
Straw Beach Mat,3,4,4,1,0,0,0,0,0,0,0,0,2
Suitcase Organizer Cubes,6,6,3,2,4,4,9,17,5,2,0,0,5
Switch Tone Color Crayon Pen,11,3,14,16,17,11,14,16,22,27,2,0,3
UpCycled Bike Saddle Bag,1,0,0,2,2,2,1,3,2,0,0,0,1
UpCycled Handlebar Bag,0,0,1,1,0,1,3,0,2,1,0,0,5
Waterproof Backpack,13,6,13,13,7,11,18,8,21,14,1,0,3
Waterproof Gear Bag,0,0,6,1,5,4,15,0,0,0,0,0,1
Waze Baby on Board Window Decal,9,4,8,3,3,5,7,8,7,7,6,11,3
Waze Dress Socks,0,0,8,7,6,6,2,11,10,7,12,1,3
Waze Men's Short Sleeve Tee,5,3,2,2,2,4,4,3,3,2,9,6,0
Waze Men's Typography Short Sleeve Tee,2,1,4,1,3,2,0,3,1,1,2,2,3
Waze Mobile Phone Vent Mount,18,6,10,4,27,7,4,23,5,12,23,26,0
Waze Mood Happy Window Decal,5,0,2,5,3,2,0,2,3,1,2,5,3
Waze Mood Ninja Window Decal,11,7,9,5,4,3,3,4,4,9,3,6,3
Waze Mood Original Window Decal,9,3,5,7,6,4,4,7,3,2,1,4,3
Waze Pack of 9 Decal Set,0,0,0,1,4,4,2,5,2,3,3,2,1
Waze Women's Short Sleeve Tee,1,1,0,0,0,2,1,1,0,1,1,2,3
Waze Women's Typography Short Sleeve Tee,1,0,1,1,2,0,0,0,1,1,3,1,0
Windup Android,31,18,34,29,24,25,36,35,36,38,35,40,3
Women's Performance Full Zip Jacket Black,4,2,14,10,13,4,9,8,4,8,0,0,3
Women's Weatherblock Shell Jacket Black,0,1,7,8,2,1,5,10,3,6,0,0,3
Yoga Block,0,2,3,2,6,4,8,1,0,0,0,0,1
Yoga Mat Blue,5,4,6,1,7,5,7,14,16,2,0,0,5
Yoga Mat Purple,1,4,3,0,0,0,3,0,0,0,0,0,4
You Tube Toddler Short Sleeve Tee Red,2,7,4,8,5,6,2,16,4,0,0,0,3
YouTube Custom Decals,38,26,37,34,42,28,18,22,21,44,65,44,3
YouTube Hard Cover Journal,4,4,10,6,4,5,10,17,1,0,0,0,3
YouTube Infant Short Sleeve Tee Red,2,1,3,0,0,0,0,0,0,0,0,0,2
YouTube Leatherette Notebook Combo,27,15,19,12,19,25,6,2,0,1,0,0,7
YouTube Luggage Tag,2,4,2,2,2,6,0,0,0,0,0,0,7
YouTube Men's 3/4 Sleeve Henley,0,1,2,0,1,0,0,0,0,0,0,0,4
YouTube Men's Fleece Hoodie Black,12,13,10,15,9,10,33,30,1,1,0,0,3
YouTube Men's Long & Lean Tee Charcoal,0,0,3,6,5,3,6,16,13,18,6,0,5
YouTube Men's Long Sleeve Pullover Badge Tee Heather,6,1,3,0,0,0,0,0,0,0,0,0,2
YouTube Men's Short Sleeve Hero Tee  White,1,0,0,0,0,0,0,2,1,8,3,0,0
YouTube Men's Short Sleeve Hero Tee Black,15,13,24,17,18,15,17,28,23,13,1,0,3
YouTube Men's Short Sleeve Hero Tee Charcoal,15,14,22,21,17,25,13,26,7,0,0,0,3
YouTube Men's Short Sleeve Hero Tee White,2,4,10,7,13,7,7,1,0,0,0,0,7
YouTube Men's Skater Tee Charcoal,0,0,1,2,4,2,3,5,6,4,0,0,5
YouTube Men's Vintage Henley,2,1,8,3,1,12,16,20,3,8,13,0,5
YouTube Men's Vintage Tank,0,1,6,8,14,15,9,7,4,2,3,0,1
YouTube Men's Vintage Tee,9,10,14,0,0,0,0,0,0,0,0,0,2
YouTube Notebook and Pen Set,3,3,7,11,8,0,0,0,0,0,0,0,7
YouTube Onesie Heather,1,4,5,9,5,12,3,0,0,0,0,0,7
YouTube RFID Journal,3,1,0,3,2,3,9,3,0,0,0,0,1
YouTube Spiral Journal with Pen,9,5,3,10,6,0,0,0,0,0,0,0,7
YouTube Trucker Hat,7,9,10,0,0,0,0,0,0,0,0,0,2
YouTube Twill Cap,14,8,20,21,25,32,26,34,2,0,0,0,1
YouTube Women's Fleece Hoodie Black,7,9,7,23,12,5,1,4,1,5,2,0,7
YouTube Women's Racer Back Tank Black,0,1,2,2,0,0,0,0,0,0,0,0,4
YouTube Women's Short Sleeve Hero Tee Charcoal,6,3,7,1,4,7,5,14,1,5,0,0,3
YouTube Women's Short Sleeve Tri-blend Badge Tee Charcoal,5,1,5,8,4,3,5,12,11,10,18,1,3
YouTube Women's Short Sleeve Tri-blend Badge Tee Grey,0,1,1,2,1,4,2,0,0,0,0,0,1
YouTube Womens 3/4 Sleeve Baseball Raglan White/Black,1,2,2,2,0,0,0,0,0,0,0,0,4
YouTube Wool Heather Cap Heather/Black,5,1,3,5,0,1,0,0,0,0,0,0,4
YouTube Youth Short Sleeve Tee Red,7,11,19,11,19,21,10,14,4,0,0,0,1
